"","cuenca","corr"
"1","YAQUI",0.143002149122818
"2","BRAVO-SAN-JUAN",-0.571850877764891
"3","SOTO-LA-MARINA",-0.333839533904429
"4","VERDE-GRANDE",-0.165368324548867
"5","SANTIAGO-GUADALAJARA",-0.310302286886738
"6","LERMA-SALAMANCA",-0.169857038579284
"7","LERMA-TOLUCA",0.369291322531289
"8","LAJA",-0.228740541593129
"9","MOCTEZUMA",-0.192942618788152
"10","PAPALOAPAN",-0.337352176292507
